s,kW,kW,kW,kW,kW,kW,kW,kW,kW,kg/s,kg/s
Time,HRR,Q_RADI,Q_CONV,Q_COND,Q_DIFF,Q_PRES,Q_PART,Q_ENTH,Q_TOTAL,MLR_FUEL,MLR_TOTAL
 0.0000000E+000, 0.0000000E+000,-6.1188788E-002, 0.0000000E+000, 0.0000000E+000, 0.0000000E+000, 0.0000000E+000, 0.0000000E+000, 0.0000000E+000,-6.1188788E-002, 0.0000000E+000, 0.0000000E+000
 1.5811388E-001, 3.4063208E+002,-7.2522741E-003, 5.6947771E+000, 1.0432718E-006,-8.0455739E-003, 0.0000000E+000, 0.0000000E+000,-9.9826430E-002, 3.4631156E+002, 2.7371691E-002, 2.7371691E-002
 3.1622776E-001, 1.1603000E+003,-2.8384605E+001, 1.8849833E+001,-1.4130373E+000,-9.4321966E-002, 0.0000000E+000, 0.0000000E+000, 3.4450352E+002, 1.1492579E+003, 5.3429593E-002, 5.3429593E-002
 4.7434166E-001, 2.1541653E+003,-8.3353892E+002, 2.0293943E+001,-1.1314488E+001,-1.4522130E-001, 0.0000000E+000, 0.0000000E+000, 1.0754718E+003, 1.3294606E+003, 7.7100603E-002, 7.7100603E-002
 5.0000000E-001, 3.0911170E+003,-9.8698668E+002, 3.2153334E+001,-1.4129633E+001,-1.9556238E-001, 0.0000000E+000, 0.0000000E+000, 1.3244396E+003, 2.1219584E+003, 8.0664394E-002, 8.0664394E-002
